CountofExhibtions,ID,MoMACEMSID,ConstituentType,AlphaSortName,DisplayName,FirstName,MiddleName,LastName,Institution,Suffix,Nationality,BeginYear,EndYear,DisplayBio,Gender,VIAFID,WikidataQID,ULANID,SNACID,URL
335,4424,4609,Individual,Picasso Pablo,Pablo Picasso,Pablo,,Picasso,,,Spanish,1881,1973,"Spanish, 1881–1973",Male,15873,Q5593,500009666,68735334,http://www.moma.org/collection/artists/4609
256,3678,3832,Individual,Matisse Henri,Henri Matisse,Henri,,Matisse,,,French,1869,1954,"French, 1869–1954",Male,42630086,Q5589,500017300,36933814,http://www.moma.org/collection/artists/3832
211,3859,4016,Individual,Miró Joan,Joan Miró,Joan,,Miró,,,Spanish,1893,1983,"Spanish, 1893–1983",Male,9850739,Q152384,500014094,61863580,http://www.moma.org/collection/artists/4016
182,3002,3130,Individual,Klee Paul,Paul Klee,Paul,,Klee,,,German,1879,1940,"German, born Switzerland. 1879–1940",Male,68931085,Q44007,500010493,46750482,http://www.moma.org/collection/artists/3130
173,2799,2923,Individual,Johns Jasper,Jasper Johns,Jasper,,Johns,,,American,1930,,"American, born 1930",Male,49252397,Q155057,500022247,18555001,http://www.moma.org/collection/artists/2923
164,4632,4823,Individual,Rauschenberg Robert,Robert Rauschenberg,Robert,,Rauschenberg,,,American,1925,2008,"American, 1925–2008",Male,29544362,Q164358,500002941,20378450,http://www.moma.org/collection/artists/4823
155,6329,6624,Individual,Léger Fernand,Fernand Léger,Fernand,,Léger,,,French,1881,1955,"French, 1881–1955",Male,34459370,Q157183,500027374,45209998,http://www.moma.org/collection/artists/6624
146,714,744,Individual,Braque Georges,Georges Braque,Georges,,Braque,,,French,1882,1963,"French, 1882–1963",Male,9867924,Q153793,500025200,31075609,http://www.moma.org/collection/artists/744
145,5966,6246,Individual,Warhol Andy,Andy Warhol,Andy,,Warhol,,,American,1928,1987,"American, 1928–1987",Male,56617645,Q5603,500006031,16398848,http://www.moma.org/collection/artists/6246
139,1674,1752,Individual,Ernst Max,Max Ernst,Max,,Ernst,,,French,1891,1976,"French, born Germany. 1891–1976",Male,24601103,Q154842,500115729,57730391,http://www.moma.org/collection/artists/1752
135,1012,1053,Individual,Cézanne Paul,Paul Cézanne,Paul,,Cézanne,,,French,1839,1906,"French, 1839–1906",Male,39374836,Q35548,500004793,55816059,http://www.moma.org/collection/artists/1053
129,27103,4397,Individual,Oldenburg Claes,Claes Oldenburg,Claes,,Oldenburg,,,,1929,,,Male,85806900,Q156731,500029735,39754749,http://www.moma.org/collection/artists/4397
125,3564,3716,Individual,Man Ray (Emmanuel Radnitzky),Man Ray,,,Man Ray (Emmanuel Radnitzky),,,American,1890,1976,"American, 1890–1976",Male,7396101,Q46139,500015030,52092634,http://www.moma.org/collection/artists/3716
121,2856,2981,Individual,Kandinsky Vasily,Vasily Kandinsky,Vasily,,Kandinsky,,,French,1866,1944,"French, born Russia. 1866–1944",Male,22143802,Q61064,500021093,34020211,http://www.moma.org/collection/artists/2981
120,1558,1633,Individual,Dubuffet Jean,Jean Dubuffet,Jean,,Dubuffet,,,French,1901,1985,"French, 1901–1985",Male,64004844,Q170076,500019113,19941624,http://www.moma.org/collection/artists/1633
119,1014,1055,Individual,Chagall Marc,Marc Chagall,Marc,,Chagall,,,French,1887,1985,"French, born Belarus. 1887–1985",Male,103953801,Q93284,500115354,30183701,http://www.moma.org/collection/artists/1055
119,4649,4840,Individual,Redon Odilon,Odilon Redon,Odilon,,Redon,,,French,1840,1916,"French, 1840–1916",Male,73859058,Q154349,500007292,23266911,http://www.moma.org/collection/artists/4840
117,11,11,Individual,Arp Jean (Hans),Jean (Hans) Arp,Jean,,Arp,,,French,1886,1966,"French, born Germany (Alsace). 1886–1966",Male,7386175,Q153739,500031000,14148943,http://www.moma.org/collection/artists/11
117,2013,2098,Individual,Gauguin Paul,Paul Gauguin,Paul,,Gauguin,,,French,1848,1903,"French, 1848–1903",Male,27064953,Q37693,500011421,47172067,http://www.moma.org/collection/artists/2098
116,2054,2141,Individual,Giacometti Alberto,Alberto Giacometti,Alberto,,Giacometti,,,Swiss,1901,1966,"Swiss, 1901–1966",Male,49226067,Q157194,500118871,6340767,http://www.moma.org/collection/artists/2141
115,1060,1106,Individual,Chirico Giorgio de,Giorgio de Chirico,Giorgio de,,Chirico,,,Italian,1888,1978,"Italian, born Greece. 1888–1978",Male,104172730,Q156622,500032635,68339317,http://www.moma.org/collection/artists/1106
114,1431,1500,Individual,Derain André,André Derain,André,,Derain,,,French,1880,1954,"French, 1880–1954",Male,2469239,Q156272,500004535,10415885,http://www.moma.org/collection/artists/1500
113,5174,5383,Individual,Sheeler Charles,Charles Sheeler,Charles,,Sheeler,,,American,1883,1965,"American, 1883–1965",Male,29542632,Q624868,500115325,9031100,http://www.moma.org/collection/artists/5383
112,5402,5623,Individual,Steichen Edward,Edward Steichen,Edward,,Steichen,,,American,1879,1973,"American, born Luxembourg. 1879–1973",Male,73926135,Q313899,500000431,74987798,http://www.moma.org/collection/artists/5623
110,3899,4057,Individual,Mondrian Piet,Piet Mondrian,Piet,,Mondrian,,,Dutch,1872,1944,"Dutch, 1872–1944",Male,54151650,Q151803,500004972,20584701,http://www.moma.org/collection/artists/4057
110,3890,4048,Individual,Moholy-Nagy László,László Moholy-Nagy,László,,Moholy-Nagy,,,American,1895,1946,"American, born Hungary. 1895–1946",Male,22203431,Q160448,500004274,52882132,http://www.moma.org/collection/artists/4048
109,2987,3115,Individual,Kirchner Ernst Ludwig,Ernst Ludwig Kirchner,Ernst,Ludwig,Kirchner,,,German,1880,1938,"German, 1880–1938",Male,9888581,Q229272,500027704,28614982,http://www.moma.org/collection/artists/3115
109,2279,2374,Individual,Grosz George,George Grosz,George,,Grosz,,,American,1893,1959,"American, born Germany. 1893–1959",Male,12309408,Q107194,500014558,63505349,http://www.moma.org/collection/artists/2374
109,3392,3542,Individual,Lichtenstein Roy,Roy Lichtenstein,Roy,,Lichtenstein,,,American,1923,1997,"American, 1923–1997",Male,66470256,Q151679,500013596,72742908,http://www.moma.org/collection/artists/3542
109,4487,4675,Individual,Pollock Jackson,Jackson Pollock,Jackson,,Pollock,,,American,1912,1956,"American, 1912–1956",Male,12316903,Q37571,500015134,9769098,http://www.moma.org/collection/artists/4675
109,4075,4243,Individual,Nauman Bruce,Bruce Nauman,Bruce,,Nauman,,,American,1941,,"American, born 1941",Male,29597866,Q168665,500118742,43904312,http://www.moma.org/collection/artists/4243
108,27065,26020,Individual,London Barbara,Barbara London,Barbara,,London,,,,,,,,,,,,
108,3667,3821,Individual,Masson André,André Masson,André,,Masson,,,French,1896,1987,"French, 1896–1987",Male,36926103,Q312529,500030295,38083828,http://www.moma.org/collection/artists/3821
108,5159,5366,Individual,Shahn Ben,Ben Shahn,Ben,,Shahn,,,American,1898,1969,"American, born Lithuania. 1898–1969",Male,17268935,Q695239,500005524,30589473,http://www.moma.org/collection/artists/5366
106,406,429,Individual,Beckmann Max,Max Beckmann,Max,,Beckmann,,,German,1884,1950,"German, 1884–1950",Male,46775885,Q164683,500024106,47461296,http://www.moma.org/collection/artists/429
106,1487,1559,Individual,Dix Otto,Otto Dix,Otto,,Dix,,,German,1891,1969,"German, 1891–1969",Male,46769170,Q153104,500028047,18880684,http://www.moma.org/collection/artists/1559
106,2255,2349,Individual,Gris Juan,Juan Gris,Juan,,Gris,,,Spanish,1887,1927,"Spanish, 1887–1927",Male,49245334,Q151152,500015362,16902220,http://www.moma.org/collection/artists/2349
106,1559,1634,Individual,Duchamp Marcel,Marcel Duchamp,Marcel,,Duchamp,,,American,1887,1968,"American, born France. 1887–1968",Male,36917441,Q5912,500115393,54154794,http://www.moma.org/collection/artists/1634
104,887,922,Individual,Calder Alexander,Alexander Calder,Alexander,,Calder,,,American,1898,1976,"American, 1898–1976",Male,96096,Q151580,500007824,73940681,http://www.moma.org/collection/artists/922
102,9022,10244,Individual,Lieberman William S.,William S. Lieberman,William,S.,Lieberman,,,American,1923,2005,"American, 1923–2005",Male,109190713,Q19997602,,,
101,1299,1364,Individual,Dalí Salvador,Salvador Dalí,Salvador,,Dalí,,,Spanish,1904,1989,"Spanish, 1904–1989",Male,64004109,Q5577,500009365,23738461,http://www.moma.org/collection/artists/1364
101,2117,2206,Individual,Gogh Vincent van,Vincent van Gogh,Vincent,,van Gogh,,,Dutch,1853,1890,"Dutch, 1853–1890",Male,9854560,Q5582,500115588,66496439,http://www.moma.org/collection/artists/2206
101,3381,3528,Individual,LeWitt Sol,Sol LeWitt,Sol,,LeWitt,,,American,1928,2007,"American, 1928–2007",Male,84632546,Q168587,500115429,34334776,http://www.moma.org/collection/artists/3528
98,7682,8084,Individual,Szarkowski John,John Szarkowski,John,,Szarkowski,,,American,1925,2007,"American, 1925–2007",Male,110959125,Q1381389,500125639,72745198,http://www.moma.org/collection/artists/8084
98,1476,1547,Individual,Dine Jim,Jim Dine,Jim,,Dine,,,American,1935,,"American, born 1935",Male,61562057,Q531234,500028463,32063015,http://www.moma.org/collection/artists/1547
98,4854,5053,Individual,Rouault Georges,Georges Rouault,Georges,,Rouault,,,French,1871,1958,"French, 1871–1958",Male,16857,Q156128,500024798,72191870,http://www.moma.org/collection/artists/5053
95,637,665,Individual,Bonnard Pierre,Pierre Bonnard,Pierre,,Bonnard,,,French,1867,1947,"French, 1867–1947",Male,66499977,Q26408,500115555,71566403,http://www.moma.org/collection/artists/665
95,3967,4126,Individual,Motherwell Robert,Robert Motherwell,Robert,,Motherwell,,,American,1915,1991,"American, 1915–1991",Male,100187143,Q165275,500016415,69227963,http://www.moma.org/collection/artists/4126
90,27038,3048,Individual,Kelly Ellsworth,Ellsworth Kelly,Ellsworth,,Kelly,,,,1923,,,Male,22150762,Q544899,500004975,12014015,http://www.moma.org/collection/artists/3048
89,2615,2726,Individual,Hopper Edward,Edward Hopper,Edward,,Hopper,,,American,1882,1967,"American, 1882–1967",Male,32101533,Q203401,500031212,44682311,http://www.moma.org/collection/artists/2726
88,3065,3197,Individual,Kokoschka Oskar,Oskar Kokoschka,Oskar,,Kokoschka,,,Austrian,1886,1980,"Austrian, 1886–1980",Male,31998450,Q154260,500024536,58794659,http://www.moma.org/collection/artists/3197
87,708,738,Individual,Brancusi Constantin,Constantin Brancusi,Constantin,,Brancusi,,,French,1876,1957,"French, born Romania. 1876–1957",Male,71387926,Q153048,500016157,31933736,http://www.moma.org/collection/artists/738
87,5681,5910,Individual,Toulouse-Lautrec Henri de,Henri de Toulouse-Lautrec,Henri de,,Toulouse-Lautrec,,,French,1864,1901,"French, 1864–1901",Male,32003649,Q82445,500029114,57796407,http://www.moma.org/collection/artists/5910
87,5578,5804,Individual,Tanguy Yves,Yves Tanguy,Yves,,Tanguy,,,American,1900,1955,"American, born France. 1900–1955",Male,66481523,Q164720,500125870,52287680,http://www.moma.org/collection/artists/5804
86,3081,3213,Individual,de Kooning Willem,Willem de Kooning,Willem,,de Kooning,,,American,1904,1997,"American, born the Netherlands. 1904–1997",Male,19676467,Q132305,500000974,62535964,http://www.moma.org/collection/artists/3213
86,5090,5293,Individual,Schwitters Kurt,Kurt Schwitters,Kurt,,Schwitters,,,German,1887,1948,"German, 1887–1948",Male,27071479,Q155158,500026542,32313373,http://www.moma.org/collection/artists/5293
85,5419,5640,Individual,Stella Frank,Frank Stella,Frank,,Stella,,,American,1936,,"American, born 1936",Male,95807455,Q375268,500020533,17532364,http://www.moma.org/collection/artists/5640
83,5152,5358,Individual,Seurat Georges-Pierre,Georges-Pierre Seurat,Georges-Pierre,,Seurat,,,French,1859,1891,"French, 1859–1891",Male,24608076,Q34013,500008873,13461258,http://www.moma.org/collection/artists/5358
82,1751,1832,Individual,Feininger Lyonel,Lyonel Feininger,Lyonel,,Feininger,,,American,1871,1956,"American, 1871–1956",Male,49225327,Q158255,500115308,65411756,http://www.moma.org/collection/artists/1832
82,4822,5021,Individual,Rosenquist James,James Rosenquist,James,,Rosenquist,,,American,1933,,"American, born 1933",Male,90661691,Q448845,500021855,36799318,http://www.moma.org/collection/artists/5021
81,8274,8762,Individual,Drexler Arthur,Arthur Drexler,Arthur,,Drexler,,,American,1921,1987,"American, 1921–1987",Male,73926436,,,11443286,http://www.moma.org/collection/artists/8762
81,1346,1412,Individual,Davis Stuart,Stuart Davis,Stuart,,Davis,,,American,1892,1964,"American, 1892–1964",Male,49262338,Q704588,500115507,70505717,http://www.moma.org/collection/artists/1412
80,1398,1465,Individual,Degas Hilaire-Germain-Edgar,Hilaire-Germain-Edgar Degas,Hilaire-Germain-Edgar,,Degas,,,French,1834,1917,"French, 1834–1917",Male,41863744,Q46373,500115194,48780940,http://www.moma.org/collection/artists/1465
80,3419,3569,Individual,Lissitzky El,El Lissitzky,El,,Lissitzky,,,Russian,1890,1941,"Russian, 1890–1941",Male,41890867,Q152233,500015156,422564,http://www.moma.org/collection/artists/3569
80,3880,4038,Individual,Modigliani Amedeo,Amedeo Modigliani,Amedeo,,Modigliani,,,Italian,1884,1920,"Italian, 1884–1920",Male,17232808,Q120993,500026509,15847583,http://www.moma.org/collection/artists/4038
79,680,710,Individual,Bourgeois Louise,Louise Bourgeois,Louise,,Bourgeois,Louise Bourgeois Studio,,American,1911,2010,"American, born France. 1911–2010",Female,19782417,Q159409,500057350,64826857,http://www.moma.org/collection/artists/710
78,6043,6329,Individual,Weston Edward,Edward Weston,Edward,,Weston,,,American,1886,1958,"American, 1886–1958",Male,22173983,Q346988,500003372,64373521,http://www.moma.org/collection/artists/6329
77,3913,4071,Individual,Moore Henry,Henry Moore,Henry,,Moore,,,British,1898,1986,"British, 1898–1986",Male,32000652,Q151097,500032596,64814065,http://www.moma.org/collection/artists/4071
76,3950,4108,Individual,Morris Robert,Robert Morris,Robert,,Morris,,,American,1931,,"American, born 1931",Male,84633254,Q465168,500020041,61657779,http://www.moma.org/collection/artists/4108
75,1698,1777,Individual,Evans Walker,Walker Evans,Walker,,Evans,,,American,1903,1975,"American, 1903–1975",Male,39376620,Q363308,500012076,46012163,http://www.moma.org/collection/artists/1777
74,3617,3770,Individual,Marin John,John Marin,John,,Marin,,,American,1870,1953,"American, 1870–1953",Male,74649315,Q666171,500115368,31880328,http://www.moma.org/collection/artists/3770
74,4887,5086,Individual,Ruscha Edward,Edward Ruscha,Edward,,Ruscha,,,American,1937,,"American, born 1937",Male,54182318,Q430967,500024159,12683816,http://www.moma.org/collection/artists/5086
74,4157,4327,Individual,Nolde Emil,Emil Nolde,Emil,,Nolde,,,German,1867,1956,"German, 1867–1956",Male,37040576,Q152788,500003109,63486679,http://www.moma.org/collection/artists/4327
73,52,53,Individual,Acconci Vito,Vito Acconci,Vito,,Acconci,,,American,1940,,"American, born 1940",Male,95770120,Q433471,500014538,49687979,http://www.moma.org/collection/artists/53
73,3413,3563,Individual,Lipchitz Jacques,Jacques Lipchitz,Jacques,,Lipchitz,,,American,1891,1973,"American, born Lithuania. 1891–1973",Male,17231680,Q380426,500015743,66059790,http://www.moma.org/collection/artists/3563
72,26923,18388,Individual,Castleman Riva,Riva Castleman,Riva,,Castleman,,,American,1930,2014,"American, 1930–2014",Female,61627489,Q18030446,,,
71,515,540,Individual,Beuys Joseph,Joseph Beuys,Joseph,,Beuys,,,German,1921,1986,"German, 1921–1986",Male,14782352,Q153965,500024607,19218433,http://www.moma.org/collection/artists/540
71,3281,3426,Individual,Le Corbusier (Charles-Édouard Jeanneret),Le Corbusier (Charles-Édouard Jeanneret),,,Le Corbusier (Charles-Édouard Jeanneret),,,French,1887,1965,"French, born Switzerland. 1887–1965",Male,56612471,Q4724,500027041,67314150,http://www.moma.org/collection/artists/3426
70,4747,4942,Individual,Rivera Diego,Diego Rivera,Diego,,Rivera,,,Mexican,1886,1957,"Mexican, 1886–1957",Male,59099198,Q171128,500025126,33634057,http://www.moma.org/collection/artists/4942
69,596,624,Individual,Boccioni Umberto,Umberto Boccioni,Umberto,,Boccioni,,,Italian,1882,1916,"Italian, 1882–1916",Male,51685971,Q152797,500012624,10508373,http://www.moma.org/collection/artists/624
69,4004,4164,Individual,Munch Edvard,Edvard Munch,Edvard,,Munch,,,Norwegian,1863,1944,"Norwegian, 1863–1944",Male,61624802,Q41406,500032949,59304881,http://www.moma.org/collection/artists/4164
69,3558,3710,Individual,Malevich Kazimir,Kazimir Malevich,Kazimir,,Malevich,,,Russian,1878,1935,"Russian, born Ukraine. 1878–1935",Male,14773228,Q130777,500004959,31412366,http://www.moma.org/collection/artists/3710
69,5595,5821,Individual,Tchelitchew Pavel,Pavel Tchelitchew,Pavel,,Tchelitchew,,,American,1898,1957,"American, born Russia. 1898–1957",Male,14991184,Q2361741,500004010,66554496,http://www.moma.org/collection/artists/5821
69,4253,4430,Individual,Orozco José Clemente,José Clemente Orozco,José,Clemente,Orozco,,,Mexican,1883,1949,"Mexican, 1883–1949",Male,17267526,Q332041,500012316,4358274,http://www.moma.org/collection/artists/4430
68,6846,7166,Individual,Mies van der Rohe Ludwig,Ludwig Mies van der Rohe,Ludwig,,Mies van der Rohe,,,American,1886,1969,"American, born Germany. 1886–1969",Male,95153318,Q41508,500006293,58070735,http://www.moma.org/collection/artists/7166
68,2161,2252,Individual,Gorky Arshile,Arshile Gorky,Arshile,,Gorky,,,American,1904,1948,"American, born Armenia. 1904–1948",Male,22150791,Q165648,500021392,2099629,http://www.moma.org/collection/artists/2252
68,5917,6194,Individual,Vuillard Édouard,Édouard Vuillard,Édouard,,Vuillard,,,French,1868,1940,"French, 1868–1940",Male,17397031,Q239394,500014954,60485094,http://www.moma.org/collection/artists/6194
66,2569,2678,Individual,Hockney David,David Hockney,David,,Hockney,,,British,1937,,"British, born 1937",Male,103648062,Q159907,500017273,20752960,http://www.moma.org/collection/artists/2678
66,18,19,Individual,Artschwager Richard,Richard Artschwager,Richard,,Artschwager,,,American,1923,2013,"American, 1923–2013",Male,96536487,Q568262,500114981,74409993,http://www.moma.org/collection/artists/19
66,5267,5480,Individual,Smith David,David Smith,David,,Smith,,,American,1906,1965,"American, 1906–1965",Male,4989320,Q726169,500015402,17087051,http://www.moma.org/collection/artists/5480
66,4857,5056,Individual,Rousseau Henri,Henri Rousseau,Henri,,Rousseau,,,French,1844,1910,"French, 1844–1910",Male,14776193,Q156386,500115462,31414431,http://www.moma.org/collection/artists/5056
65,3688,3842,Individual,Matta Roberto,Roberto Matta,Roberto Sebastián Antonio,,Matta Echaurren,,,Chilean,1911,2002,"Chilean, 1911–2002",Male,17231698,Q450236,500057123,24739984,http://www.moma.org/collection/artists/3842
65,5443,5664,Individual,Stieglitz Alfred,Alfred Stieglitz,Alfred,,Stieglitz,,,American,1864,1946,"American, 1864–1946",Male,49231990,Q313055,500024301,51547429,http://www.moma.org/collection/artists/5664
64,960,1000,Individual,Cartier-Bresson Henri,Henri Cartier-Bresson,Henri,,Cartier-Bresson,,,French,1908,2004,"French, 1908–2004",Male,109935928,Q156567,500115484,14918496,http://www.moma.org/collection/artists/1000
64,5016,5219,Individual,Schlemmer Oskar,Oskar Schlemmer,Oskar,,Schlemmer,,,German,1888,1943,"German, 1888–1943",Male,9910342,Q458816,500010968,6760209,http://www.moma.org/collection/artists/5219
63,95,97,Individual,Albers Josef,Josef Albers,Josef,,Albers,,,American,1888,1976,"American, born Germany. 1888–1976",Male,12347231,Q170071,500033049,49360105,http://www.moma.org/collection/artists/97
63,1411,1479,Individual,Delaunay Robert,Robert Delaunay,Robert,,Delaunay,,,French,1885,1941,"French, 1885–1941",Male,68979341,Q33978,500023463,35406905,http://www.moma.org/collection/artists/1479
63,40,41,Individual,Abbott Berenice,Berenice Abbott,Berenice,,Abbott,,,American,1898,1991,"American, 1898–1991",Female,44309674,Q231861,500020631,51582999,http://www.moma.org/collection/artists/41
63,4780,4975,Individual,Rodchenko Aleksandr,Aleksandr Rodchenko,Aleksandr,,Rodchenko,,,Russian,1891,1956,"Russian, 1891–1956",Male,56633412,Q312631,500017582,32536015,http://www.moma.org/collection/artists/4975
63,4750,4945,Individual,Rivers Larry,Larry Rivers,Larry,,Rivers,,,American,1923,2002,"American, 1923–2002",Male,86716140,Q664291,500003280,8004091,http://www.moma.org/collection/artists/4945
62,2467,2569,Individual,Heckel Erich,Erich Heckel,Erich,,Heckel,,,German,1883,1970,"German, 1883–1970",Male,41848647,Q156700,500032971,63100138,http://www.moma.org/collection/artists/2569
62,5144,5349,Individual,Serra Richard,Richard Serra,Richard,,Serra,,,American,1939,,"American, born 1939",Male,84633265,Q321245,500029327,2118665,http://www.moma.org/collection/artists/5349
61,3191,3332,Individual,Lachaise Gaston,Gaston Lachaise,Gaston,,Lachaise,,,American,1882,1935,"American, born France. 1882–1935",Male,8187606,Q1495586,500001766,42179480,http://www.moma.org/collection/artists/3332
60,2382,2481,Individual,Hamilton Richard,Richard Hamilton,Richard,,Hamilton,,,British,1922,2011,"British, 1922–2011",Male,39397012,Q159465,500126033,52691555,http://www.moma.org/collection/artists/2481
60,5756,5988,Individual,Twombly Cy,Cy Twombly,Cy,,Twombly,,,American,1928,2011,"American, 1928–2011",Male,49234268,Q159566,500032301,55150451,http://www.moma.org/collection/artists/5988
59,1422,1490,Individual,Demuth Charles,Charles Demuth,Charles,,Demuth,,,American,1883,1935,"American, 1883–1935",Male,29542716,Q380494,500004441,63610360,http://www.moma.org/collection/artists/1490
59,4188,4360,Individual,O'Keeffe Georgia,Georgia O'Keeffe,Georgia,,O'Keeffe,,,American,1887,1986,"American, 1887–1986",Female,32021794,Q46408,500018666,83102015,http://www.moma.org/collection/artists/4360
59,4848,5047,Individual,Rothko Mark,Mark Rothko,Mark,,Rothko,,,American,1903,1970,"American, born Russia (now Latvia). 1903–1970",Male,68937721,Q160149,500014869,45924502,http://www.moma.org/collection/artists/5047
58,1661,1739,Individual,Ensor James,James Ensor,James,,Ensor,,,Belgian,1860,1949,"Belgian, 1860–1949",Male,88625859,Q158840,500032046,9803007,http://www.moma.org/collection/artists/1739
58,4713,4907,Individual,Richter Gerhard,Gerhard Richter,Gerhard,,Richter,,,German,1932,,"German, born 1932",Male,98149412,Q164351,500003003,23873231,http://www.moma.org/collection/artists/4907
57,4483,4671,Individual,Polke Sigmar,Sigmar Polke,Sigmar,,Polke,,,German,1941,2010,"German, 1941–2010",Male,96537422,Q376062,500115233,64561671,http://www.moma.org/collection/artists/4671
57,3605,3758,Individual,Marden Brice,Brice Marden,Brice,,Marden,,,American,1938,,"American, born 1938",Male,84991571,Q475416,500118786,17245482,http://www.moma.org/collection/artists/3758
56,8462,9168,Individual,Barr Alfred H. Jr.,"Alfred H. Barr, Jr.",Alfred,H.,Barr,,Jr.,American,1902,1981,"American, 1902–1981",Male,109252853,Q711362,500241556,60241835,http://www.moma.org/collection/artists/9168
56,1920,2002,Individual,Friedlander Lee,Lee Friedlander,Lee,,Friedlander,,,American,1934,,"American, born 1934",Male,41852411,Q711391,500014327,68832338,http://www.moma.org/collection/artists/2002
56,1893,1974,Individual,Frankenthaler Helen,Helen Frankenthaler,Helen,,Frankenthaler,,,American,1928,2011,"American, 1928–2011",Female,84991528,Q235281,500115813,10367162,http://www.moma.org/collection/artists/1974
56,2823,2948,Individual,Judd Donald,Donald Judd,Donald,,Judd,,,American,1928,1994,"American, 1928–1994",Male,34478944,Q250293,500010358,57721605,http://www.moma.org/collection/artists/2948
56,2321,2419,Individual,Guston Philip,Philip Guston,Philip,,Guston,,,American,1913,1980,"American, born Canada. 1913–1980",Male,12316990,Q701952,500023901,58160899,http://www.moma.org/collection/artists/2419
56,3545,3697,Individual,Maillol Aristide,Aristide Maillol,Aristide,,Maillol,,,French,1861,1944,"French, 1861–1944",Male,14228,Q153920,500001596,15441449,http://www.moma.org/collection/artists/3697
56,3634,3787,Individual,Martin Agnes,Agnes Martin,Agnes,,Martin,,,American,1912,2004,"American, born Canada. 1912–2004",Female,113022934,Q275610,500024489,57056768,http://www.moma.org/collection/artists/3787
56,4932,5134,Individual,Samaras Lucas,Lucas Samaras,Lucas,,Samaras,,,American,1936,,"American, born Greece 1936",Male,29571508,Q663175,500021682,62017934,http://www.moma.org/collection/artists/5134
55,889,924,Individual,Callahan Harry,Harry Callahan,Harry,,Callahan,,,American,1912,1999,"American, 1912–1999",Male,2550158,Q1383354,500000873,35378663,http://www.moma.org/collection/artists/924
55,4154,4324,Individual,Noguchi Isamu,Isamu Noguchi,Isamu,,Noguchi,,,American,1904,1988,"American, 1904–1988",Male,56659032,Q442628,500008602,25225613,http://www.moma.org/collection/artists/4324
55,4116,4285,Individual,Newman Barnett,Barnett Newman,Barnett,,Newman,,,American,1905,1970,"American, 1905–1970",Male,19686304,Q374504,500000960,40735954,http://www.moma.org/collection/artists/4285
55,5890,6165,Individual,Villon Jacques,Jacques Villon,Jacques,,Villon,,,French,1875,1963,"French, 1875–1963",Male,32004174,Q452254,500003616,26336398,http://www.moma.org/collection/artists/6165
54,59,60,Individual,Adams Ansel,Ansel Adams,Ansel,,Adams,,,American,1902,1984,"American, 1902–1984",Male,61625857,Q60809,500026108,62701909,http://www.moma.org/collection/artists/60
54,5994,6275,Individual,Weber Max,Max Weber,Max,,Weber,,,American,1881,1961,"American, born Russia. 1881–1961",Male,41883358,Q535334,500029261,15762526,http://www.moma.org/collection/artists/6275
53,1186,1243,Individual,Corinth Lovis,Lovis Corinth,Lovis,,Corinth,,,German,1858,1925,"German, 1858–1925",Male,15044719,Q157610,500115384,10850395,http://www.moma.org/collection/artists/1243
53,1892,1973,Individual,Frank Robert,Robert Frank,Robert,,Frank,,,American,1924,,"American, born Switzerland 1924",Male,95803661,Q467574,500019916,24503097,http://www.moma.org/collection/artists/1973
53,5819,6076,Individual,Doesburg Theo van,Theo van Doesburg (Christian Emil Marie Küpper),Theo van,,Doesburg,,,Dutch,1883,1931,"Dutch, 1883–1931",Male,39646290,Q160422,500007926,4255328,http://www.moma.org/collection/artists/6076
53,4781,4978,Individual,Rodin Auguste,Auguste Rodin,Auguste,,Rodin,,,French,1840,1917,"French, 1840–1917",Male,36923874,Q30755,500016619,31674344,http://www.moma.org/collection/artists/4978
53,5183,5392,Individual,Sherman Cindy,Cindy Sherman,Cindy,,Sherman,,,American,1954,,"American, born 1954",Female,96462178,Q229455,500104869,20456044,http://www.moma.org/collection/artists/5392
52,26969,18500,Individual,Galassi Peter,Peter Galassi,Peter,,Galassi,,,American,1951,,"American, born 1951",,71438918,,,,
52,591,617,Individual,Blume Peter,Peter Blume,Peter,,Blume,,,American,1906,1992,"American, 1906–1992",Male,65497511,Q2990693,500028254,29789052,http://www.moma.org/collection/artists/617
52,1068,1114,Individual,Christo (Christo Javacheff),Christo (Christo Javacheff),,,Christo (Christo Javacheff),,,American,1935,,"American, born Bulgaria 1935",Male,102316487,Q14633979,500115266,22746998,http://www.moma.org/collection/artists/1114
52,213,229,Individual,Atget Eugène,Eugène Atget,Eugène,,Atget,,,French,1857,1927,"French, 1857–1927",Male,6700,Q322030,500008199,19866375,http://www.moma.org/collection/artists/229
52,1571,1646,Individual,Dufy Raoul,Raoul Dufy,Raoul,,Dufy,,,French,1877,1953,"French, 1877–1953",Male,56661160,Q45205,500024166,31601794,http://www.moma.org/collection/artists/1646
51,3157,3296,Individual,Kuniyoshi Yasuo,Yasuo Kuniyoshi,Yasuo,,Kuniyoshi,,,American,1889,1953,"American, 1889–1953",Male,13102247,Q3571991,500023210,75611857,http://www.moma.org/collection/artists/3296
51,345,366,Individual,Baselitz Georg,Georg Baselitz,Georg,,Baselitz,,,German,1938,,"German, born 1938",Male,100903160,Q164775,500045683,37767318,http://www.moma.org/collection/artists/366
51,837,870,Individual,Burchfield Charles,Charles Burchfield,Charles,,Burchfield,,,American,1893,1967,"American, 1893–1967",Male,34533792,Q3349279,500015189,44328035,http://www.moma.org/collection/artists/870
51,3163,3302,Individual,Kupka František,František Kupka,František,,Kupka,,,Czech,1871,1957,"Czech, 1871–1957",Male,82932466,Q167414,500006023,62932556,http://www.moma.org/collection/artists/3302
51,5464,5685,Individual,Strand Paul,Paul Strand,Paul,,Strand,,,American,1890,1976,"American, 1890–1976",Male,88714260,Q453839,500003133,29550684,http://www.moma.org/collection/artists/5685
51,3540,3692,Individual,Magritte René,René Magritte,René,,Magritte,,,Belgian,1898,1967,"Belgian, 1898–1967",Male,69008939,Q7836,500022967,76547459,http://www.moma.org/collection/artists/3692
51,4422,4607,Individual,Picabia Francis,Francis Picabia,Francis,,Picabia,,,French,1879,1953,"French, 1879–1953",Male,36923084,Q157321,500006325,26970875,http://www.moma.org/collection/artists/4607
50,27083,19286,Individual,Miller Dorothy C.,Dorothy C. Miller,Dorothy,Canning,Miller,,,American,1904,2003,"American, 1904–2003",Female,111290627,Q5298349,500322604,,
50,376,399,Individual,Bayer Herbert,Herbert Bayer,Herbert,,Bayer,,,American,1900,1985,"American, born Austria. 1900–1985",Male,39524327,Q213637,500009369,73874654,http://www.moma.org/collection/artists/399
50,5241,5454,Individual,Siqueiros David Alfaro,David Alfaro Siqueiros,David,Alfaro,Siqueiros,,,Mexican,1896,1974,"Mexican, 1896–1974",Male,61588351,Q315647,500008908,39812535,http://www.moma.org/collection/artists/5454
49,4364,4548,Individual,Penn Irving,Irving Penn,Irving,,Penn,,,American,1917,2009,"American, 1917–2009",Male,44303589,Q318604,500016471,69237550,http://www.moma.org/collection/artists/4548
48,5420,5641,Individual,Stella Joseph,Joseph Stella,Joseph,,Stella,,,American,1877,1946,"American, 1877–1946",Male,34573018,Q1347418,500032250,56005188,http://www.moma.org/collection/artists/5641
47,3184,3325,Individual,La Fresnaye Roger de,Roger de La Fresnaye,Roger de,,La Fresnaye,,,French,1885,1925,"French, 1885–1925",Male,39427207,Q718882,500013022,51402532,http://www.moma.org/collection/artists/3325
47,6110,6399,Individual,Winogrand Garry,Garry Winogrand,Garry,,Winogrand,,,American,1928,1984,"American, 1928–1984",Male,114228586,Q121903,500014550,1274915,http://www.moma.org/collection/artists/6399
47,4678,4869,Individual,Renoir Pierre-Auguste,Pierre-Auguste Renoir,Pierre-Auguste,,Renoir,,,French,1841,1919,"French, 1841–1919",Male,29643005,Q39931,500115467,56831101,http://www.moma.org/collection/artists/4869
47,6167,6459,Individual,Wright Frank Lloyd,Frank Lloyd Wright,Frank,Lloyd,Wright,,,American,1867,1959,"American, 1867–1959",Male,27148716,Q5604,500020307,64375248,http://www.moma.org/collection/artists/6459
47,3374,3520,Individual,Levitt Helen,Helen Levitt,Helen,,Levitt,,,American,1913,2009,"American, 1913–2009",Female,100257307,Q242849,500059803,28369006,http://www.moma.org/collection/artists/3520
46,26894,304,Individual,Baldessari John,John Baldessari,John,,Baldessari,,,,,,,Male,51819124,Q683378,500098854,45038238,http://www.moma.org/collection/artists/304
46,161,174,Individual,Andre Carl,Carl Andre,Carl,,Andre,,,American,1935,,"American, born 1935",Male,100954627,Q315348,500011651,76073193,http://www.moma.org/collection/artists/174
46,3019,3147,Individual,Klimt Gustav,Gustav Klimt,Gustav,,Klimt,,,Austrian,1862,1918,"Austrian, 1862–1918",Male,7399081,Q34661,500030531,56800986,http://www.moma.org/collection/artists/3147
46,737,769,Individual,Breuer Marcel,Marcel Breuer,Marcel,,Breuer,,,American,1902,1981,"American, born Hungary. 1902–1981",Male,9899554,Q57588,500118800,62117685,http://www.moma.org/collection/artists/769
46,4241,4415,Individual,Oppenheim Dennis,Dennis Oppenheim,Dennis,,Oppenheim,,,American,1938,2011,"American, 1938–2011",Male,113655319,Q439856,500011050,35802163,http://www.moma.org/collection/artists/4415
46,6288,6582,Individual,Zorach William,William Zorach,William,,Zorach,,,American,1889,1966,"American, 1889–1966",Male,52754181,Q385941,500003603,20182035,http://www.moma.org/collection/artists/6582
46,3319,3464,Individual,Lehmbruck Wilhelm,Wilhelm Lehmbruck,Wilhelm,,Lehmbruck,,,German,1881,1919,"German, 1881–1919",Male,32269139,Q551282,500019056,41531445,http://www.moma.org/collection/artists/3464
46,3229,3373,Individual,Lange Dorothea,Dorothea Lange,Dorothea,,Lange,,,American,1895,1965,"American, 1895–1965",Female,77594538,Q230673,500007674,33348530,http://www.moma.org/collection/artists/3373
45,1189,1247,Individual,Cornell Joseph,Joseph Cornell,Joseph,,Cornell,,,American,1903,1972,"American, 1903–1972",Male,100297313,Q694774,500003169,15136427,http://www.moma.org/collection/artists/1247
45,2890,3016,Individual,Katz Alex,Alex Katz,Alex,,Katz,,,American,1927,,"American, born 1927",Male,95819816,Q919265,500022493,52886840,http://www.moma.org/collection/artists/3016
45,5039,5242,Individual,Schmidt-Rottluff Karl,Karl Schmidt-Rottluff,Karl,,Schmidt-Rottluff,,,German,1884,1976,"German, 1884–1976",Male,4964287,Q161143,500005940,57345268,http://www.moma.org/collection/artists/5242
45,4350,4533,Individual,Pechstein Max,Max Pechstein,Max,,Pechstein,,,German,1881,1955,"German, 1881–1955",Male,5095548,Q162105,500032015,25234905,http://www.moma.org/collection/artists/4533
44,26956,9295,Individual,Elderfield John,John Elderfield,John,,Elderfield,,,British,1943,,"British, born 1943",,95695332,Q6231541,500002419,,
44,298,317,Individual,Balthus (Baltusz Klossowski de Rola),Balthus (Baltusz Klossowski de Rola),,,Balthus (Baltusz Klossowski de Rola),,,French,1908,2001,"French, 1908–2001",Male,68923634,Q325925,500021167,11149497,http://www.moma.org/collection/artists/317
44,4899,5098,Individual,Ryman Robert,Robert Ryman,Robert,,Ryman,,,American,1930,,"American, born 1930",Male,96561254,Q640936,500118752,31357902,http://www.moma.org/collection/artists/5098
44,6006,6288,Individual,Weiner Lawrence,Lawrence Weiner,Lawrence,Charles,Weiner,,,American,1942,,"American, born 1942",Male,12320420,Q680192,500013081,34962831,http://www.moma.org/collection/artists/6288
44,6035,6318,Individual,Wesselmann Tom,Tom Wesselmann,Tom,,Wesselmann,,,American,1931,2004,"American, 1931–2004",Male,49321976,Q703660,500025122,1146204,http://www.moma.org/collection/artists/6318
44,4845,5044,Individual,Rothenberg Susan,Susan Rothenberg,Susan,,Rothenberg,,,American,1945,,"American, born 1945",Female,95833918,Q436782,500024727,24388535,http://www.moma.org/collection/artists/5044
43,27136,13938,Individual,Rubin William S.,William S. Rubin,William,,Rubin,,,American,1927,2006,"American, 1927–2006",Male,29540160,Q951624,,,
43,5751,5983,Individual,Tuttle Richard,Richard Tuttle,Richard,,Tuttle,,,American,1941,,"American, born 1941",Male,46985056,Q836743,500116277,13923503,http://www.moma.org/collection/artists/5983
42,2177,2268,Individual,Gottlieb Adolph,Adolph Gottlieb,Adolph,,Gottlieb,,,American,1903,1974,"American, 1903–1974",Male,62353349,Q365388,500004904,73415982,http://www.moma.org/collection/artists/2268
42,2963,3091,Individual,Kiesler Frederick,Frederick Kiesler,Frederick,J.,Kiesler,,,American,1890,1965,"American, born Romania. 1890–1965",Male,24651477,Q113775,500031038,45123653,http://www.moma.org/collection/artists/3091
42,4307,4488,Individual,Paolozzi Eduardo,Eduardo Paolozzi,Eduardo,Luigi,Paolozzi,,,British,1924,2005,"British, 1924–2005",Male,14809834,Q165397,500027981,50957345,http://www.moma.org/collection/artists/4488
42,5999,6281,Individual,Wegman William,William Wegman,William,,Wegman,,,American,1943,,"American, born 1943",Male,209780234,Q567366,500118696,11181143,http://www.moma.org/collection/artists/6281
41,193,208,Individual,Arbus Diane,Diane Arbus,Diane,,Arbus,,,American,1923,1971,"American, 1923–1971",Female,64802925,Q234608,500012758,54966210,http://www.moma.org/collection/artists/208
41,1096,1145,Individual,Clemente Francesco,Francesco Clemente,Francesco,,Clemente,,,Italian,1952,,"Italian, born 1952",Male,61662994,Q698667,500116236,59596051,http://www.moma.org/collection/artists/1145
41,715,745,Individual,Brassaï (Gyula Halász),Brassaï (Gyula Halász),,,Brassaï (Gyula Halász),,,French,1899,1984,"French, born Transylvania. 1899–1984",Male,108228627,Q354804,500000306,6174819,http://www.moma.org/collection/artists/745
41,2215,2309,Individual,Graves Morris,Morris Graves,Morris,,Graves,,,American,1910,2001,"American, 1910–2001",Male,115177006,Q1693440,500010825,28182646,http://www.moma.org/collection/artists/2309
41,292,311,Individual,Balla Giacomo,Giacomo Balla,Giacomo,,Balla,,,Italian,1871,1958,"Italian, 1871–1958",Male,29596654,Q368254,500014876,55010999,http://www.moma.org/collection/artists/311
41,4331,4514,Individual,Pascin Jules,Jules Pascin,Jules,,Pascin,,,American,1885,1930,"American, born Bulgaria. 1885–1930",Male,97262322,Q469063,500028526,18765358,http://www.moma.org/collection/artists/4514
41,4362,4546,Individual,Penck A. R. (Ralf Winkler),A.R. Penck (Ralf Winkler),A.,R.,Penck,,,German,1939,,"German, born 1939",Male,109109654,Q279088,500006352,29006874,http://www.moma.org/collection/artists/4546
41,4036,4197,Individual,Nadelman Elie,Elie Nadelman,Elie,,Nadelman,,,American,1882,1946,"American, born Poland, 1882–1946",Male,47654143,Q1288595,500032388,68619466,http://www.moma.org/collection/artists/4197
40,23900,39630,Individual,D'Amico Victor,Victor D'Amico,Victor,,D'Amico,,,,,,,,33432178,,,5201325,http://www.moma.org/collection/artists/39630
40,27078,13401,Individual,McShine Kynaston L.,Kynaston McShine,Kynaston,,McShine,,,,,,,Male,12357173,,,,
40,27130,25814,Individual,Rose Bernice,Bernice Rose,Bernice,,Rose,,,,,,,,66586984,,,,
40,477,502,Individual,Berman Eugene,Eugene Berman,Eugene,,Berman,,,American,1899,1972,"American, born Russia. 1899–1972",Male,22171039,Q1373050,500028943,38579414,http://www.moma.org/collection/artists/502
40,2516,2623,Individual,Hesse Eva,Eva Hesse,Eva,,Hesse,,,American,1936,1970,"American, born Germany. 1936–1970",Female,71440663,Q215457,500026528,959620,http://www.moma.org/collection/artists/2623
40,2958,3086,Individual,Kiefer Anselm,Anselm Kiefer,Anselm,,Kiefer,,,German,1945,,"German, born 1945",Male,95995437,Q170344,500047395,53629822,http://www.moma.org/collection/artists/3086
40,763,795,Individual,Broodthaers Marcel,Marcel Broodthaers,Marcel,,Broodthaers,,,Belgian,1924,1976,"Belgian, 1924–1976",Male,7387635,Q834926,500004693,67061507,http://www.moma.org/collection/artists/795
40,3621,3774,Individual,Marisol (Marisol Escobar),Marisol (Marisol Escobar),,,Marisol (Marisol Escobar),,,Venezuelan,1930,,"Venezuelan, born France 1930",Female,810752,Q438248,500027334,628758,http://www.moma.org/collection/artists/3774
40,5012,5215,Individual,Schiele Egon,Egon Schiele,Egon,,Schiele,,,Austrian,1890,1918,"Austrian, 1890–1918",Male,41850463,Q44032,500002633,16363365,http://www.moma.org/collection/artists/5215
40,4665,4856,Individual,Reinhardt Ad,Ad Reinhardt,Ad,,Reinhardt,,,American,1913,1967,"American, 1913–1967",Male,51699576,Q345569,500013982,8405365,http://www.moma.org/collection/artists/4856
39,27028,2927,Individual,Johnson Philip,Philip Johnson,Philip,,Johnson,,,American,1906,2005,"American, 1906–2005",Male,108419418,Q183528,500014481,23266092,http://www.moma.org/collection/artists/2927
39,1529,1602,Individual,Dove Arthur,Arthur Dove,Arthur,G.,Dove,,,American,1880,1946,"American, 1880–1946",Male,42647501,Q709461,500018046,68900428,http://www.moma.org/collection/artists/1602
39,1884,1965,Individual,Francis Sam,Sam Francis,Sam,,Francis,,,American,1923,1994,"American, 1923–1994",Male,100187348,Q526470,500115537,54958069,http://www.moma.org/collection/artists/1965
